issue_id,issue_kind,title,department,area,sixs_pillar,category,risk_probability,risk_consequence,risk_score,risk_level,status,approval_status,deadline,owner,reporter,description,current_control,proposed_action,chart_tag
MOCK-WARN-001,hot_issue,"Dây đeo thẻ gần cơ cấu quay tại máy Namashi",production,"PY2 - MS1 Namashi",S6,"An toàn máy",5,4,20,"Cực kỳ nghiêm trọng","Mở","Đã duyệt",2026-06-05,"Line Leader MS1","Auditor 6S","Công nhân vận hành còn đeo dây thẻ dạng cổ khi đứng gần trục quay và pulley hở.","Đã nhắc miệng trong ca nhưng chưa có quy định trực quan tại máy.","Ban hành quy định dây thẻ ngắn hoặc kẹp áo, dán cảnh báo tại máy, xác nhận lại trong họp đầu ca.","machine_safety"
MOCK-WARN-002,hot_issue,"Pallet che khuất tủ PCCC và bình chữa cháy",warehouse,"Kho nguyên vật liệu - cửa D2",S6,"PCCC",4,4,16,"Cực kỳ nghiêm trọng","Đang xử lý","Đã duyệt",2026-06-06,"Warehouse Supervisor","EHS Officer","Một cụm pallet rỗng đặt sát tủ PCCC, giảm khả năng tiếp cận khi có báo cháy.","Có vạch đỏ nhưng bị mờ và thiếu biển không che chắn.","Sơn lại vùng cấm, dán biển, kiểm tra cuối mỗi ca và đưa vào checklist kho.","fire_safety"
MOCK-WARN-003,hot_issue,"Tủ điện CR3 thiếu nắp che và hướng dẫn tiếng Việt",engineering,"CR3 - cạnh thang hàng",S6,"Điện",4,5,20,"Cực kỳ nghiêm trọng","Mở","Đã duyệt",2026-06-10,"Maintenance Lead","EHS Officer","Tủ điện cạnh thang hàng có điểm đấu nối chưa che kín và thiếu hướng dẫn thao tác an toàn bằng tiếng Việt.","Có khóa tủ nhưng tem cảnh báo đã bong và chưa có hướng dẫn xử lý bất thường.","Bổ sung nắp che, tem cảnh báo, hướng dẫn tiếng Việt và xác nhận ảnh sau cải tiến.","electrical"
MOCK-WARN-004,hot_issue,"Dầu rò tại lối đi cạnh máy ép",production,"PY1 - line ép nhựa",S3,"Trượt ngã",4,4,16,"Cực kỳ nghiêm trọng","Đang xử lý","Đã duyệt",2026-06-08,"Production Supervisor","Auditor 6S","Dầu thủy lực rò ra mép lối đi, có dấu chân kéo dài sang vùng thao tác.","Đã đặt khăn thấm tạm thời nhưng chưa sửa nguyên nhân rò.","Cô lập khu vực, sửa điểm rò, vệ sinh sàn và thêm kiểm tra đầu ca trong 7 ngày.","slip_trip"
MOCK-WARN-005,hot_issue,"Chai hóa chất kiểm tra thiếu nhãn phụ và SDS tại điểm dùng",quality,"QA Lab - bàn kiểm tra hóa chất",S1,"Hóa chất",3,5,15,"Nghiêm trọng","Mở","Chờ duyệt",2026-06-07,"QA Supervisor","QA Auditor","Một số chai chiết nhỏ chỉ ghi mã viết tay, thiếu tên hóa chất, nồng độ và tham chiếu SDS.","SDS bản tổng có trong thư mục chung nhưng không có tại điểm dùng.","Chuẩn hóa nhãn phụ, đặt QR SDS tại bàn, kiểm kê chai chiết cuối ngày.","chemical"
MOCK-WARN-006,hot_issue,"Lối thoát hiểm văn phòng bị thùng tài liệu chắn một phần",office,"Office - cửa thoát hiểm phía Tây",S2,"Thoát hiểm",3,4,12,"Nghiêm trọng","Mở","Đã duyệt",2026-06-06,"Admin","EHS Patrol","Thùng tài liệu cũ đặt sát lối thoát hiểm, làm hẹp bề rộng di chuyển.","Có biển exit nhưng không có vùng cấm để đồ.","Di chuyển tài liệu, kẻ vùng cấm, giao Admin kiểm tra mỗi chiều thứ Sáu.","emergency_exit"
MOCK-WARN-007,issue,"Pallet hư hỏng vẫn dùng tại tuyến xe nâng",warehouse,"Kho thành phẩm - lane F3",S1,"Vật tư hỏng",3,4,12,"Nghiêm trọng","Mở","Đã duyệt",2026-06-12,"Warehouse Leader","Forklift Driver","Pallet nứt cạnh vẫn được sử dụng để xếp hàng, có nguy cơ đổ hàng khi xe nâng quay đầu.","Chưa có khu cách ly pallet hỏng rõ ràng.","Lập vị trí cách ly pallet hỏng, dán nhãn đỏ và ghi nhận trong bàn giao ca.","forklift"
MOCK-WARN-008,issue,"Cạnh jig sắc chưa có bảo vệ tay",production,"Line kiểm tra ngoại quan",S6,"Kẹp/cắt tay",3,3,9,"Nghiêm trọng","Đang xử lý","Đã duyệt",2026-06-14,"Line Leader QA","Operator","Cạnh jig kiểm tra có ba via, người thao tác phải đưa tay sát cạnh sắc.","Có găng tay nhưng chưa xử lý vật lý tại jig.","Mài cạnh, bọc nẹp bảo vệ và cập nhật tiêu chuẩn kiểm jig sau sửa chữa.","hand_injury"
MOCK-WARN-009,hot_issue,"Không khóa nguồn khi vệ sinh cảm biến trong máy",engineering,"PY1 - cell đóng gói",S6,"LOTO",4,5,20,"Cực kỳ nghiêm trọng","Mở","Đã duyệt",2026-06-09,"Maintenance Lead","EHS Patrol","Kỹ thuật viên vệ sinh cảm biến khi máy ở chế độ chờ, chưa treo thẻ LOTO.","Có nút dừng khẩn nhưng chưa có checklist thao tác bảo trì ngắn.","Dừng vận hành để đào tạo lại LOTO, bổ sung mini checklist trước vệ sinh cảm biến.","loto"
MOCK-WARN-010,issue,"Nhãn FIFO không đồng nhất giữa thẻ kệ và tem thùng",warehouse,"Kho WIP - rack B",S2,"FIFO",3,2,6,"Trung bình","Hoàn thành","Đã duyệt",2026-05-31,"Warehouse Supervisor","Inventory Staff","Một số kệ WIP có thẻ vị trí cũ, tem thùng mới không khớp thứ tự xuất.","Có kiểm kê tuần nhưng chưa kiểm tra sau đổi layout.","Cập nhật thẻ kệ, khóa layout trên sơ đồ kho và audit FIFO 2 lần/tuần.","fifo"
MOCK-WARN-011,issue,"Biểu mẫu TBM chưa cập nhật tình huống công việc không thường xuyên",ehs,"EHS Office",S5,"Quản trị an toàn",2,3,6,"Trung bình","Đang xử lý","Đã duyệt",2026-06-29,"EHS Officer","Safety Chair","Biểu mẫu TBM hiện tại chưa có ô xác nhận mối nguy phát sinh từ công việc không thường xuyên.","Có file draft nhưng chưa ban hành cho toàn công ty.","Hoàn thiện form, thử nghiệm tại Production và Engineering, ban hành trước 30/06.","tbm"
MOCK-WARN-012,issue,"Mẫu NG và OK đặt chung khay trên bàn kiểm tra",quality,"QA/QC - bàn OQC",S1,"Phân loại",3,3,9,"Nghiêm trọng","Mở","Chờ duyệt",2026-06-13,"QA Supervisor","OQC Leader","Trong giờ cao điểm có khay mẫu NG đặt cạnh mẫu OK, màu nhãn khó phân biệt.","Có tem đỏ nhưng kích thước nhỏ và không tách khu vực.","Tách khay, dùng màu nền khác nhau và đưa ảnh chuẩn lên bảng thao tác.","quality_mix"
MOCK-WARN-013,issue,"Dụng cụ sau setup để ngoài vị trí quy định",production,"Line assembly - bàn setup",S2,"Sắp xếp dụng cụ",3,2,6,"Trung bình","Mở","Đã duyệt",2026-06-18,"Production Supervisor","6S Auditor","Sau setup, cờ lê và dưỡng kiểm để lại trên bàn thao tác, không trả về shadow board.","Có shadow board nhưng thiếu ảnh vị trí chuẩn sau thay đổi dụng cụ.","Cập nhật ảnh shadow board, kiểm tra cuối ca và chấm điểm S2 theo line.","tooling"
MOCK-WARN-014,issue,"Ổ cắm dưới bàn văn phòng có dấu quá tải",office,"Office - khu Admin",S6,"Điện văn phòng",3,4,12,"Nghiêm trọng","Đang xử lý","Đã duyệt",2026-06-11,"Admin","EHS Patrol","Một ổ cắm kéo dài cấp nguồn cho nhiều thiết bị, dây nằm dưới lối chân ghế.","Có dây buộc nhưng chưa tách tải và chưa kiểm tra định mức.","Tách nguồn, cố định dây, dán nhãn tải tối đa và kiểm tra nhiệt sau 2 giờ vận hành.","office_electrical"
MOCK-WARN-015,issue,"Dầu bảo trì để ngoài khay chống tràn",engineering,"Kho bảo trì - kệ dầu",S3,"Hóa chất/dầu",3,4,12,"Nghiêm trọng","Mở","Đã duyệt",2026-06-17,"Maintenance Lead","Storekeeper","Can dầu bảo trì đặt trực tiếp trên sàn, có vết loang nhỏ gần nắp can.","Có kệ riêng nhưng thiếu khay hứng cho can đang dùng dở.","Bổ sung khay chống tràn, nhãn tình trạng mở nắp và kiểm tra rò rỉ hàng ngày.","spill_control"
MOCK-WARN-016,issue,"Vạch phân luồng xe nâng bị mờ",warehouse,"Cửa nhập hàng - giao cắt người đi bộ",S4,"Giao thông nội bộ",3,4,12,"Nghiêm trọng","Mở","Đã duyệt",2026-06-20,"Warehouse Supervisor","EHS Patrol","Vạch phân luồng tại điểm giao cắt xe nâng/người đi bộ bị mờ, khó thấy khi nền bụi.","Có biển cảnh báo nhưng không đủ ở góc khuất.","Sơn lại vạch, thêm gương cầu và đưa điểm giao cắt vào tuần tra PCCC-6S.","traffic"
MOCK-WARN-017,hot_issue,"Khu vực hố nước mưa thiếu cảnh báo và giới hạn phạm vi làm việc",production,"PY1 - sân sau nhà máy",S6,"Công việc không thường xuyên",4,4,16,"Cực kỳ nghiêm trọng","Đang xử lý","Đã duyệt",2026-06-15,"GA/EHS","Safety Committee","Khu vực thao tác nắp hố nước mưa chưa có cảnh báo cố định và rào chắn khi mở nắp.","Có hướng dẫn miệng sau tai nạn nhưng chưa chuẩn hóa thành quy trình.","Lập SOP mở nắp hố, bổ sung rào chắn di động, biển cảnh báo và TBM trước thao tác.","nonroutine"
MOCK-WARN-018,issue,"Chưa đủ bằng chứng phổ biến nội dung họp an toàn tháng",ehs,"Toàn công ty",S5,"Truyền thông an toàn",2,3,6,"Trung bình","Mở","Đã duyệt",2026-06-30,"EHS Officer","Safety Chair","Một số bộ phận chưa gửi ảnh/hồ sơ phổ biến nội dung họp an toàn tháng 05/2026.","Có danh sách yêu cầu nhưng chưa theo dõi trạng thái theo bộ phận.","Tạo tracker theo bộ phận, yêu cầu ảnh họp đầu ca và xác nhận EHS cuối tháng.","communication"

